Year,Month,SettlementPoint,AveragePrice
2016,1,HB_BUSAVG,19.209301075268822
2016,1,HB_HOUSTON,19.565725806451617
2016,1,HB_HUBAVG,19.25869623655914
2016,1,HB_NORTH,19.133306451612892
2016,1,HB_SOUTH,19.210053763440854
2016,1,HB_WEST,19.126559139784952
2016,1,LZ_AEN,19.324663978494627
2016,1,LZ_CPS,19.3538440860215
2016,1,LZ_HOUSTON,19.563938172043017
2016,1,LZ_LCRA,19.31745967741934
2016,1,LZ_NORTH,19.187997311827974
2016,1,LZ_RAYBN,19.447943548387116
2016,1,LZ_SOUTH,19.48172043010753
2016,1,LZ_WEST,19.51926075268816
2016,2,HB_BUSAVG,15.288247126436788
2016,2,HB_HOUSTON,15.464540229885062
2016,2,HB_HUBAVG,15.269252873563223
2016,2,HB_NORTH,15.292658045977005
2016,2,HB_SOUTH,15.333591954022989
2016,2,HB_WEST,14.988663793103447
2016,2,LZ_AEN,15.448290229885073
2016,2,LZ_CPS,15.520014367816108
2016,2,LZ_HOUSTON,15.487988505747138
2016,2,LZ_LCRA,15.488548850574706
2016,2,LZ_NORTH,15.46221264367817
2016,2,LZ_RAYBN,15.400431034482773
2016,2,LZ_SOUTH,15.935862068965523
2016,2,LZ_WEST,15.044482758620699
2016,3,HB_BUSAVG,16.755625841184376
2016,3,HB_HOUSTON,17.12495289367428
2016,3,HB_HUBAVG,16.654347240915186
2016,3,HB_NORTH,16.859367429340523
2016,3,HB_SOUTH,16.763109017496653
2016,3,HB_WEST,15.871668909825038
2016,3,LZ_AEN,16.855074024226113
2016,3,LZ_CPS,16.898183041722756
2016,3,LZ_HOUSTON,17.206729475100946
2016,3,LZ_LCRA,16.79629878869449
2016,3,LZ_NORTH,17.461507402422594
2016,3,LZ_RAYBN,17.11724091520861
2016,3,LZ_SOUTH,19.521144010767156
2016,3,LZ_WEST,16.00265141318978
2016,4,HB_BUSAVG,18.289347222222197
2016,4,HB_HOUSTON,18.940958333333334
2016,4,HB_HUBAVG,18.16686111111111
2016,4,HB_NORTH,18.350666666666676
2016,4,HB_SOUTH,18.51290277777777
2016,4,HB_WEST,16.86274999999999
2016,4,LZ_AEN,18.25606944444444
2016,4,LZ_CPS,19.069361111111103
2016,4,LZ_HOUSTON,19.128930555555566
2016,4,LZ_LCRA,18.39270833333334
2016,4,LZ_NORTH,19.08763888888888
2016,4,LZ_RAYBN,18.855361111111097
2016,4,LZ_SOUTH,20.73800000000002
2016,4,LZ_WEST,17.153666666666663
2016,5,HB_BUSAVG,18.15958333333335
2016,5,HB_HOUSTON,19.17408602150539
2016,5,HB_HUBAVG,18.247002688172035
2016,5,HB_NORTH,17.905631720430126
2016,5,HB_SOUTH,18.570456989247315
2016,5,HB_WEST,17.337674731182776
2016,5,LZ_AEN,18.12490591397849
2016,5,LZ_CPS,18.479865591397857
2016,5,LZ_HOUSTON,19.903991935483887
2016,5,LZ_LCRA,18.18278225806455
2016,5,LZ_NORTH,18.182889784946234
2016,5,LZ_RAYBN,18.320994623655913
2016,5,LZ_SOUTH,20.69174731182796
2016,5,LZ_WEST,17.737526881720434
2016,6,HB_BUSAVG,23.90981944444443
2016,6,HB_HOUSTON,26.255736111111084
2016,6,HB_HUBAVG,24.297847222222227
2016,6,HB_NORTH,23.15805555555555
2016,6,HB_SOUTH,24.645374999999984
2016,6,HB_WEST,23.141930555555533
2016,6,LZ_AEN,24.2375138888889
2016,6,LZ_CPS,24.958069444444472
2016,6,LZ_HOUSTON,29.915083333333325
2016,6,LZ_LCRA,24.16441666666668
2016,6,LZ_NORTH,23.562680555555552
2016,6,LZ_RAYBN,23.315944444444447
2016,6,LZ_SOUTH,27.47165277777775
2016,6,LZ_WEST,23.48876388888888
2016,7,HB_BUSAVG,27.187473118279588
2016,7,HB_HOUSTON,29.53892473118277
2016,7,HB_HUBAVG,27.459206989247352
2016,7,HB_NORTH,26.8007930107527
2016,7,HB_SOUTH,26.960255376344076
2016,7,HB_WEST,26.543561827957014
2016,7,LZ_AEN,27.976102150537606
2016,7,LZ_CPS,27.967956989247316
2016,7,LZ_HOUSTON,29.91186827956986
2016,7,LZ_LCRA,27.592217741935475
2016,7,LZ_NORTH,27.415779569892457
2016,7,LZ_RAYBN,27.471075268817224
2016,7,LZ_SOUTH,28.88958333333334
2016,7,LZ_WEST,27.178790322580664
2016,8,HB_BUSAVG,30.567137096774225
2016,8,HB_HOUSTON,32.9725403225807
2016,8,HB_HUBAVG,30.948534946236535
2016,8,HB_NORTH,29.82838709677418
2016,8,HB_SOUTH,31.20797043010751
2016,8,HB_WEST,29.786733870967733
2016,8,LZ_AEN,30.699516129032325
2016,8,LZ_CPS,31.30657258064518
2016,8,LZ_HOUSTON,33.56354838709678
2016,8,LZ_LCRA,31.175577956989258
2016,8,LZ_NORTH,30.148575268817243
2016,8,LZ_RAYBN,30.149758064516142
2016,8,LZ_SOUTH,31.82330645161287
2016,8,LZ_WEST,30.01056451612905
2016,9,HB_BUSAVG,26.861750000000033
2016,9,HB_HOUSTON,28.742416666666674
2016,9,HB_HUBAVG,27.188138888888897
2016,9,HB_NORTH,26.249180555555544
2016,9,HB_SOUTH,27.405569444444456
2016,9,HB_WEST,26.354250000000036
2016,9,LZ_AEN,26.710861111111146
2016,9,LZ_CPS,28.130249999999958
2016,9,LZ_HOUSTON,29.032680555555544
2016,9,LZ_LCRA,27.03994444444444
2016,9,LZ_NORTH,26.605861111111107
2016,9,LZ_RAYBN,26.470263888888894
2016,9,LZ_SOUTH,28.76201388888887
2016,9,LZ_WEST,26.767666666666685
2016,10,HB_BUSAVG,25.2048387096774
2016,10,HB_HOUSTON,28.24955645161289
2016,10,HB_HUBAVG,25.769059139784947
2016,10,HB_NORTH,24.005255376344078
2016,10,HB_SOUTH,26.68966397849464
2016,10,HB_WEST,24.113938172042996
2016,10,LZ_AEN,25.622903225806493
2016,10,LZ_CPS,26.250295698924717
2016,10,LZ_HOUSTON,28.545819892473133
2016,10,LZ_LCRA,26.068440860215063
2016,10,LZ_NORTH,24.532661290322583
2016,10,LZ_RAYBN,24.452513440860198
2016,10,LZ_SOUTH,30.03103494623656
2016,10,LZ_WEST,25.182258064516123
2016,11,HB_BUSAVG,19.244902777777792
2016,11,HB_HOUSTON,20.36593055555555
2016,11,HB_HUBAVG,19.489305555555553
2016,11,HB_NORTH,18.66488888888888
2016,11,HB_SOUTH,20.14883333333334
2016,11,HB_WEST,18.778416666666644
2016,11,LZ_AEN,19.640041666666637
2016,11,LZ_CPS,21.71466666666668
2016,11,LZ_HOUSTON,20.437680555555556
2016,11,LZ_LCRA,19.541680555555562
2016,11,LZ_NORTH,18.830513888888877
2016,11,LZ_RAYBN,18.87531944444443
2016,11,LZ_SOUTH,20.633388888888888
2016,11,LZ_WEST,19.343138888888898
2016,12,HB_BUSAVG,25.31830645161287
2016,12,HB_HOUSTON,25.727661290322622
2016,12,HB_HUBAVG,25.36259408602154
2016,12,HB_NORTH,25.149045698924702
2016,12,HB_SOUTH,25.708991935483862
2016,12,HB_WEST,24.86266129032258
2016,12,LZ_AEN,25.870174731182786
2016,12,LZ_CPS,26.596424731182818
2016,12,LZ_HOUSTON,25.736841397849467
2016,12,LZ_LCRA,25.487876344086036
2016,12,LZ_NORTH,25.28624999999999
2016,12,LZ_RAYBN,25.31955645161287
2016,12,LZ_SOUTH,26.32684139784947
2016,12,LZ_WEST,25.165819892473102
2017,1,HB_BUSAVG,23.25278225806453
2017,1,HB_HOUSTON,24.78185483870971
2017,1,HB_HUBAVG,23.325551075268802
2017,1,HB_NORTH,22.991854838709685
2017,1,HB_SOUTH,23.624811827956986
2017,1,HB_WEST,21.901720430107524
2017,1,LZ_AEN,23.40447580645163
2017,1,LZ_CPS,23.772567204301065
2017,1,LZ_HOUSTON,24.827365591397836
2017,1,LZ_LCRA,23.43627688172043
2017,1,LZ_NORTH,23.603024193548404
2017,1,LZ_RAYBN,23.39010752688172
2017,1,LZ_SOUTH,25.15548387096773
2017,1,LZ_WEST,23.231370967741938
2017,2,HB_BUSAVG,20.1178273809524
2017,2,HB_HOUSTON,23.265714285714306
2017,2,HB_HUBAVG,20.352127976190452
2017,2,HB_NORTH,19.4481994047619
2017,2,HB_SOUTH,21.079360119047603
2017,2,HB_WEST,17.616681547619056
2017,2,LZ_AEN,20.605327380952374
2017,2,LZ_CPS,20.919479166666655
2017,2,LZ_HOUSTON,23.517217261904765
2017,2,LZ_LCRA,20.660818452380937
2017,2,LZ_NORTH,19.550014880952375
2017,2,LZ_RAYBN,20.36915178571431
2017,2,LZ_SOUTH,21.793690476190488
2017,2,LZ_WEST,18.47705357142856
2017,3,HB_BUSAVG,22.569892328398367
2017,3,HB_HOUSTON,28.21329744279944
2017,3,HB_HUBAVG,23.233230148048435
2017,3,HB_NORTH,21.227779273216694
2017,3,HB_SOUTH,23.680753701211305
2017,3,HB_WEST,19.813593539703888
2017,3,LZ_AEN,22.99701211305518
2017,3,LZ_CPS,23.861547779273234
2017,3,LZ_HOUSTON,28.742005383580064
2017,3,LZ_LCRA,23.437133243607
2017,3,LZ_NORTH,21.839407806191105
2017,3,LZ_RAYBN,21.90716016150739
2017,3,LZ_SOUTH,26.528209959623116
2017,3,LZ_WEST,20.251197846567983
2017,4,HB_BUSAVG,23.70508333333335
2017,4,HB_HOUSTON,32.295736111111104
2017,4,HB_HUBAVG,24.830486111111128
2017,4,HB_NORTH,21.41055555555557
2017,4,HB_SOUTH,25.6094027777778
2017,4,HB_WEST,19.996097222222236
2017,4,LZ_AEN,24.118083333333328
2017,4,LZ_CPS,25.337902777777774
2017,4,LZ_HOUSTON,32.96706944444447
2017,4,LZ_LCRA,24.477416666666684
2017,4,LZ_NORTH,21.975805555555546
2017,4,LZ_RAYBN,22.21343055555554
2017,4,LZ_SOUTH,28.549888888888887
2017,4,LZ_WEST,20.388569444444446
2017,5,HB_BUSAVG,25.087352150537626
2017,5,HB_HOUSTON,31.533172043010744
2017,5,HB_HUBAVG,25.905026881720417
2017,5,HB_NORTH,23.41991935483871
2017,5,HB_SOUTH,26.49501344086023
2017,5,HB_WEST,22.166612903225815
2017,5,LZ_AEN,25.293844086021508
2017,5,LZ_CPS,26.537029569892443
2017,5,LZ_HOUSTON,32.36264784946243
2017,5,LZ_LCRA,25.637956989247325
2017,5,LZ_NORTH,24.557513440860216
2017,5,LZ_RAYBN,24.001330645161307
2017,5,LZ_SOUTH,29.979731182795668
2017,5,LZ_WEST,22.86779569892472
2017,6,HB_BUSAVG,27.669152777777793
2017,6,HB_HOUSTON,33.16834722222224
2017,6,HB_HUBAVG,28.513847222222214
2017,6,HB_NORTH,25.890569444444427
2017,6,HB_SOUTH,29.65469444444443
2017,6,HB_WEST,25.331694444444455
2017,6,LZ_AEN,27.91663888888888
2017,6,LZ_CPS,30.41599999999999
2017,6,LZ_HOUSTON,33.668916666666625
2017,6,LZ_LCRA,28.639083333333343
2017,6,LZ_NORTH,26.893736111111114
2017,6,LZ_RAYBN,26.125041666666643
2017,6,LZ_SOUTH,36.783444444444456
2017,6,LZ_WEST,27.51231944444447
2017,7,HB_BUSAVG,31.45427419354836
2017,7,HB_HOUSTON,34.37583333333333
2017,7,HB_HUBAVG,31.864408602150526
2017,7,HB_NORTH,30.65431451612902
2017,7,HB_SOUTH,32.12946236559143
2017,7,HB_WEST,30.29364247311829
2017,7,LZ_AEN,31.40143817204301
2017,7,LZ_CPS,32.1152956989247
2017,7,LZ_HOUSTON,34.72583333333334
2017,7,LZ_LCRA,31.905712365591352
2017,7,LZ_NORTH,31.186841397849467
2017,7,LZ_RAYBN,30.760497311827933
2017,7,LZ_SOUTH,34.19329301075271
2017,7,LZ_WEST,31.130174731182798
2017,8,HB_BUSAVG,27.50701612903228
2017,8,HB_HOUSTON,29.401720430107513
2017,8,HB_HUBAVG,27.83861559139788
2017,8,HB_NORTH,26.832728494623666
2017,8,HB_SOUTH,28.315026881720453
2017,8,HB_WEST,26.817043010752666
2017,8,LZ_AEN,27.465618279569895
2017,8,LZ_CPS,28.13756720430108
2017,8,LZ_HOUSTON,30.031478494623677
2017,8,LZ_LCRA,27.678010752688152
2017,8,LZ_NORTH,27.060362903225812
2017,8,LZ_RAYBN,26.824825268817232
2017,8,LZ_SOUTH,33.45784946236564
2017,8,LZ_WEST,27.213911290322564
2017,9,HB_BUSAVG,24.18416666666669
2017,9,HB_HOUSTON,26.542944444444462
2017,9,HB_HUBAVG,24.51969444444443
2017,9,HB_NORTH,23.346111111111103
2017,9,HB_SOUTH,25.51509722222224
2017,9,HB_WEST,22.678819444444443
2017,9,LZ_AEN,24.628805555555562
2017,9,LZ_CPS,25.136652777777797
2017,9,LZ_HOUSTON,27.41002777777777
2017,9,LZ_LCRA,24.813430555555563
2017,9,LZ_NORTH,23.968402777777758
2017,9,LZ_RAYBN,23.535680555555558
2017,9,LZ_SOUTH,28.33034722222221
2017,9,LZ_WEST,27.011777777777755
2017,10,HB_BUSAVG,23.563279569892487
2017,10,HB_HOUSTON,30.141236559139788
2017,10,HB_HUBAVG,24.701451612903266
2017,10,HB_NORTH,21.405900537634427
2017,10,HB_SOUTH,25.56365591397848
2017,10,HB_WEST,21.693830645161306
2017,10,LZ_AEN,24.01990591397848
2017,10,LZ_CPS,25.275954301075267
2017,10,LZ_HOUSTON,31.339381720430104
2017,10,LZ_LCRA,24.484260752688193
2017,10,LZ_NORTH,21.938427419354845
2017,10,LZ_RAYBN,21.379932795698938
2017,10,LZ_SOUTH,28.464018817204334
2017,10,LZ_WEST,22.173319892473113
2017,11,HB_BUSAVG,22.677458333333327
2017,11,HB_HOUSTON,26.091055555555556
2017,11,HB_HUBAVG,23.16713888888889
2017,11,HB_NORTH,21.59620833333333
2017,11,HB_SOUTH,23.97718055555557
2017,11,HB_WEST,21.00179166666666
2017,11,LZ_AEN,23.019444444444446
2017,11,LZ_CPS,23.572569444444426
2017,11,LZ_HOUSTON,26.33962499999996
2017,11,LZ_LCRA,23.047124999999994
2017,11,LZ_NORTH,22.263166666666674
2017,11,LZ_RAYBN,21.82918055555556
2017,11,LZ_SOUTH,27.86572222222222
2017,11,LZ_WEST,22.152916666666673
2017,12,HB_BUSAVG,21.187956989247333
2017,12,HB_HOUSTON,21.549005376344063
2017,12,HB_HUBAVG,21.209852150537618
2017,12,HB_NORTH,20.952997311827954
2017,12,HB_SOUTH,21.99791666666665
2017,12,HB_WEST,20.33803763440862
2017,12,LZ_AEN,21.062930107526874
2017,12,LZ_CPS,22.04837365591397
2017,12,LZ_HOUSTON,21.979784946236585
2017,12,LZ_LCRA,21.11766129032256
2017,12,LZ_NORTH,21.4081317204301
2017,12,LZ_RAYBN,21.31260752688172
2017,12,LZ_SOUTH,25.40422043010751
2017,12,LZ_WEST,21.87225806451613
2018,1,HB_BUSAVG,37.86967741935482
2018,1,HB_HOUSTON,37.944784946236524
2018,1,HB_HUBAVG,37.77303763440862
2018,1,HB_NORTH,37.5859005376344
2018,1,HB_SOUTH,39.498145161290296
2018,1,HB_WEST,36.051639784946275
2018,1,LZ_AEN,38.83798387096776
2018,1,LZ_CPS,41.312876344086014
2018,1,LZ_HOUSTON,38.044986559139794
2018,1,LZ_LCRA,38.99256720430111
2018,1,LZ_NORTH,37.728521505376335
2018,1,LZ_RAYBN,39.37014784946231
2018,1,LZ_SOUTH,46.13256720430113
2018,1,LZ_WEST,37.29330645161292
2018,2,HB_BUSAVG,21.854315476190465
2018,2,HB_HOUSTON,22.16410714285716
2018,2,HB_HUBAVG,21.83005952380953
2018,2,HB_NORTH,21.767023809523774
2018,2,HB_SOUTH,22.306398809523813
2018,2,HB_WEST,21.087604166666658
2018,2,LZ_AEN,21.913883928571398
2018,2,LZ_CPS,22.517395833333318
2018,2,LZ_HOUSTON,22.375848214285735
2018,2,LZ_LCRA,21.76224702380953
2018,2,LZ_NORTH,21.84046130952379
2018,2,LZ_RAYBN,22.403169642857126
2018,2,LZ_SOUTH,25.197038690476194
2018,2,LZ_WEST,22.12410714285712
2018,3,HB_BUSAVG,22.561978465679648
2018,3,HB_HOUSTON,23.782543741588132
2018,3,HB_HUBAVG,22.40343203230148
2018,3,HB_NORTH,22.608008075370122
2018,3,HB_SOUTH,22.888452220726812
2018,3,HB_WEST,20.3336204576043
2018,3,LZ_AEN,22.202826379542397
2018,3,LZ_CPS,25.289273216689107
2018,3,LZ_HOUSTON,23.933458950201892
2018,3,LZ_LCRA,22.051305518169595
2018,3,LZ_NORTH,22.640551816958272
2018,3,LZ_RAYBN,23.805706594885592
2018,3,LZ_SOUTH,26.759973082099577
2018,3,LZ_WEST,22.30162853297446
2018,4,HB_BUSAVG,23.142958333333308
2018,4,HB_HOUSTON,24.652694444444446
2018,4,HB_HUBAVG,22.450305555555552
2018,4,HB_NORTH,23.522916666666667
2018,4,HB_SOUTH,24.471888888888902
2018,4,HB_WEST,17.156625000000005
2018,4,LZ_AEN,22.18848611111112
2018,4,LZ_CPS,26.535375000000013
2018,4,LZ_HOUSTON,24.728347222222226
2018,4,LZ_LCRA,22.644027777777783
2018,4,LZ_NORTH,24.36688888888891
2018,4,LZ_RAYBN,27.19887500000002
2018,4,LZ_SOUTH,28.186972222222227
2018,4,LZ_WEST,21.128125000000004
2018,5,HB_BUSAVG,34.00524193548385
2018,5,HB_HOUSTON,34.14755376344084
2018,5,HB_HUBAVG,32.83485215053763
2018,5,HB_NORTH,35.3061424731183
2018,5,HB_SOUTH,34.2260752688172
2018,5,HB_WEST,27.692016129032254
2018,5,LZ_AEN,33.166169354838736
2018,5,LZ_CPS,36.05559139784947
2018,5,LZ_HOUSTON,35.53303763440861
2018,5,LZ_LCRA,34.73540322580648
2018,5,LZ_NORTH,37.451881720430116
2018,5,LZ_RAYBN,40.951250000000016
2018,5,LZ_SOUTH,41.27442204301073
2018,5,LZ_WEST,49.600120967741965
2018,6,HB_BUSAVG,29.96612499999997
2018,6,HB_HOUSTON,30.628486111111098
2018,6,HB_HUBAVG,29.781861111111088
2018,6,HB_NORTH,30.21188888888888
2018,6,HB_SOUTH,30.068638888888913
2018,6,HB_WEST,28.277027777777782
2018,6,LZ_AEN,30.28612499999999
2018,6,LZ_CPS,30.727277777777783
2018,6,LZ_HOUSTON,31.80234722222222
2018,6,LZ_LCRA,30.365555555555577
2018,6,LZ_NORTH,31.301611111111136
2018,6,LZ_RAYBN,31.945583333333342
2018,6,LZ_SOUTH,32.258680555555515
2018,6,LZ_WEST,57.96752777777783
2018,7,HB_BUSAVG,78.85944892473117
2018,7,HB_HOUSTON,79.03404569892474
2018,7,HB_HUBAVG,78.83232526881713
2018,7,HB_NORTH,78.96845430107523
2018,7,HB_SOUTH,78.8473790322581
2018,7,HB_WEST,78.51755376344079
2018,7,LZ_AEN,78.95137096774195
2018,7,LZ_CPS,79.12443548387105
2018,7,LZ_HOUSTON,79.56653225806457
2018,7,LZ_LCRA,79.06994623655915
2018,7,LZ_NORTH,79.84618279569887
2018,7,LZ_RAYBN,84.90190860215051
2018,7,LZ_SOUTH,80.44756720430111
2018,7,LZ_WEST,101.47096774193538
2018,8,HB_BUSAVG,31.661559139784913
2018,8,HB_HOUSTON,31.944247311827972
2018,8,HB_HUBAVG,31.69458333333332
2018,8,HB_NORTH,31.603051075268784
2018,8,HB_SOUTH,31.66752688172045
2018,8,HB_WEST,31.560120967741923
2018,8,LZ_AEN,31.732137096774153
2018,8,LZ_CPS,31.865685483871015
2018,8,LZ_HOUSTON,32.159623655913954
2018,8,LZ_LCRA,31.807970430107524
2018,8,LZ_NORTH,31.97158602150531
2018,8,LZ_RAYBN,32.51872311827957
2018,8,LZ_SOUTH,33.690631720430126
2018,8,LZ_WEST,33.28985215053763
2018,9,HB_BUSAVG,27.17544444444446
2018,9,HB_HOUSTON,27.581361111111068
2018,9,HB_HUBAVG,27.05302777777778
2018,9,HB_NORTH,27.299638888888918
2018,9,HB_SOUTH,27.189805555555555
2018,9,HB_WEST,26.139597222222196
2018,9,LZ_AEN,27.16730555555553
2018,9,LZ_CPS,27.512986111111136
2018,9,LZ_HOUSTON,27.722416666666632
2018,9,LZ_LCRA,27.18726388888886
2018,9,LZ_NORTH,27.885847222222214
2018,9,LZ_RAYBN,27.680888888888877
2018,9,LZ_SOUTH,28.383763888888897
2018,9,LZ_WEST,27.10109722222224
2018,10,HB_BUSAVG,29.95782258064515
2018,10,HB_HOUSTON,30.981935483870988
2018,10,HB_HUBAVG,29.889112903225822
2018,10,HB_NORTH,30.03416666666664
2018,10,HB_SOUTH,29.772513440860244
2018,10,HB_WEST,28.76133064516124
2018,10,LZ_AEN,30.310000000000006
2018,10,LZ_CPS,31.635967741935485
2018,10,LZ_HOUSTON,31.781115591397857
2018,10,LZ_LCRA,30.06987903225809
2018,10,LZ_NORTH,31.64541666666666
2018,10,LZ_RAYBN,30.624959677419376
2018,10,LZ_SOUTH,32.12697580645161
2018,10,LZ_WEST,30.004556451612874
2018,11,HB_BUSAVG,30.644499999999972
2018,11,HB_HOUSTON,31.319236111111124
2018,11,HB_HUBAVG,30.277208333333338
2018,11,HB_NORTH,31.234888888888918
2018,11,HB_SOUTH,29.837180555555587
2018,11,HB_WEST,28.715250000000026
2018,11,LZ_AEN,30.468083333333325
2018,11,LZ_CPS,32.041208333333316
2018,11,LZ_HOUSTON,31.730333333333313
2018,11,LZ_LCRA,30.515805555555563
2018,11,LZ_NORTH,31.97412499999999
2018,11,LZ_RAYBN,33.45244444444446
2018,11,LZ_SOUTH,33.54448611111104
2018,11,LZ_WEST,31.22402777777777
2018,12,HB_BUSAVG,30.268185483870955
2018,12,HB_HOUSTON,30.333548387096755
2018,12,HB_HUBAVG,30.191989247311827
2018,12,HB_NORTH,30.39826612903227
2018,12,HB_SOUTH,30.089301075268807
2018,12,HB_WEST,29.9440053763441
2018,12,LZ_AEN,30.094758064516125
2018,12,LZ_CPS,30.309220430107572
2018,12,LZ_HOUSTON,30.462069892473117
2018,12,LZ_LCRA,30.582661290322633
2018,12,LZ_NORTH,31.131948924731233
2018,12,LZ_RAYBN,31.55353494623656
2018,12,LZ_SOUTH,32.11272849462366
2018,12,LZ_WEST,34.98084677419353
2019,1,HB_BUSAVG,24.59256720430107
2019,1,HB_HOUSTON,25.426034946236562
2019,1,HB_HUBAVG,24.68340053763441
2019,1,HB_NORTH,24.33263440860215
2019,1,HB_SOUTH,25.086061827956964
2019,1,HB_WEST,23.881545698924697
2019,1,LZ_AEN,25.107956989247317
2019,1,LZ_CPS,26.798333333333357
2019,1,LZ_HOUSTON,25.55008064516131
2019,1,LZ_LCRA,24.936303763440858
2019,1,LZ_NORTH,24.36783602150537
2019,1,LZ_RAYBN,24.411491935483873
2019,1,LZ_SOUTH,27.057903225806513
2019,1,LZ_WEST,27.461532258064498
2019,2,HB_BUSAVG,21.186369047619046
2019,2,HB_HOUSTON,21.50781249999998
2019,2,HB_HUBAVG,21.250639880952367
2019,2,HB_NORTH,20.864955357142883
2019,2,HB_SOUTH,22.125639880952377
2019,2,HB_WEST,20.491160714285716
2019,2,LZ_AEN,21.51380952380956
2019,2,LZ_CPS,24.11011904761902
2019,2,LZ_HOUSTON,21.644255952380963
2019,2,LZ_LCRA,21.66697916666667
2019,2,LZ_NORTH,20.85114583333333
2019,2,LZ_RAYBN,21.066279761904763
2019,2,LZ_SOUTH,23.72895833333334
2019,2,LZ_WEST,22.798958333333317
2019,3,HB_BUSAVG,27.565720053835797
2019,3,HB_HOUSTON,27.832032301480492
2019,3,HB_HUBAVG,27.189030955585476
2019,3,HB_NORTH,28.103714670255727
2019,3,HB_SOUTH,27.13555854643338
2019,3,HB_WEST,25.66967698519515
2019,3,LZ_AEN,27.74218034993274
2019,3,LZ_CPS,29.351695827725433
2019,3,LZ_HOUSTON,28.080323014804854
2019,3,LZ_LCRA,27.649313593539745
2019,3,LZ_NORTH,28.594037685060574
2019,3,LZ_RAYBN,29.809798115747
2019,3,LZ_SOUTH,30.529488559892318
2019,3,LZ_WEST,31.282960969044446
2019,4,HB_BUSAVG,22.613180555555562
2019,4,HB_HOUSTON,23.870652777777796
2019,4,HB_HUBAVG,22.221166666666647
2019,4,HB_NORTH,22.99740277777778
2019,4,HB_PAN,16.54876666666666
2019,4,HB_SOUTH,22.463333333333342
2019,4,HB_WEST,19.551875000000013
2019,4,LZ_AEN,23.270347222222245
2019,4,LZ_CPS,25.363597222222218
2019,4,LZ_HOUSTON,24.264583333333338
2019,4,LZ_LCRA,23.31476388888888
2019,4,LZ_NORTH,23.718430555555557
2019,4,LZ_RAYBN,24.998305555555564
2019,4,LZ_SOUTH,27.14783333333334
2019,4,LZ_WEST,21.699236111111095
2019,5,HB_BUSAVG,23.959932795698922
2019,5,HB_HOUSTON,24.794274193548365
2019,5,HB_HUBAVG,23.88376344086022
2019,5,HB_NORTH,23.97888440860211
2019,5,HB_PAN,16.414327956989226
2019,5,HB_SOUTH,24.059946236559167
2019,5,HB_WEST,22.70266129032257
2019,5,LZ_AEN,24.676236559139774
2019,5,LZ_CPS,26.246075268817183
2019,5,LZ_HOUSTON,25.153615591397852
2019,5,LZ_LCRA,24.50868279569892
2019,5,LZ_NORTH,24.011451612903222
2019,5,LZ_RAYBN,24.788158602150553
2019,5,LZ_SOUTH,27.210994623655925
2019,5,LZ_WEST,28.8519892473118
2019,6,HB_BUSAVG,25.08554166666668
2019,6,HB_HOUSTON,26.897680555555574
2019,6,HB_HUBAVG,25.17154166666668
2019,6,HB_NORTH,25.175819444444464
2019,6,HB_PAN,20.731319444444456
2019,6,HB_SOUTH,23.904361111111104
2019,6,HB_WEST,24.708555555555577
2019,6,LZ_AEN,24.416791666666676
2019,6,LZ_CPS,26.391291666666703
2019,6,LZ_HOUSTON,27.2267361111111
2019,6,LZ_LCRA,24.51954166666666
2019,6,LZ_NORTH,25.20791666666667
2019,6,LZ_RAYBN,25.458513888888895
2019,6,LZ_SOUTH,27.259597222222187
2019,6,LZ_WEST,32.02677777777779
2019,7,HB_BUSAVG,29.72962365591398
2019,7,HB_HOUSTON,29.91100806451612
2019,7,HB_HUBAVG,29.69623655913976
2019,7,HB_NORTH,29.781290322580663
2019,7,HB_PAN,28.384569892473117
2019,7,HB_SOUTH,29.637500000000028
2019,7,HB_WEST,29.455470430107532
2019,7,LZ_AEN,29.709086021505378
2019,7,LZ_CPS,30.667177419354825
2019,7,LZ_HOUSTON,30.013064516129045
2019,7,LZ_LCRA,29.74791666666666
2019,7,LZ_NORTH,29.834946236559162
2019,7,LZ_RAYBN,30.02971774193554
2019,7,LZ_SOUTH,31.13216397849467
2019,7,LZ_WEST,32.07568548387098
2019,8,HB_BUSAVG,126.38408602150527
2019,8,HB_HOUSTON,126.62533602150543
2019,8,HB_HUBAVG,126.34983870967757
2019,8,HB_NORTH,126.52185483870967
2019,8,HB_PAN,124.9917338709677
2019,8,HB_SOUTH,125.93654569892459
2019,8,HB_WEST,126.31528225806449
2019,8,LZ_AEN,126.52692204301066
2019,8,LZ_CPS,127.69620967741939
2019,8,LZ_HOUSTON,126.69338709677426
2019,8,LZ_LCRA,126.67076612903215
2019,8,LZ_NORTH,126.60091397849466
2019,8,LZ_RAYBN,126.89788978494644
2019,8,LZ_SOUTH,127.1090188172042
2019,8,LZ_WEST,128.87646505376352
2019,9,HB_BUSAVG,79.61562499999994
2019,9,HB_HOUSTON,80.5876527777777
2019,9,HB_HUBAVG,79.4591944444445
2019,9,HB_NORTH,79.91958333333324
2019,9,HB_PAN,72.85329166666678
2019,9,HB_SOUTH,78.90047222222212
2019,9,HB_WEST,78.42925000000012
2019,9,LZ_AEN,80.16959722222228
2019,9,LZ_CPS,82.43634722222212
2019,9,LZ_HOUSTON,80.77929166666665
2019,9,LZ_LCRA,82.46723611111106
2019,9,LZ_NORTH,80.7741527777778
2019,9,LZ_RAYBN,80.69863888888884
2019,9,LZ_SOUTH,81.00911111111105
2019,9,LZ_WEST,83.471138888889
2019,10,HB_BUSAVG,28.247056451612934
2019,10,HB_HOUSTON,30.393602150537653
2019,10,HB_HUBAVG,28.131760752688177
2019,10,HB_NORTH,27.995967741935484
2019,10,HB_PAN,18.71676075268816
2019,10,HB_SOUTH,29.468400537634416
2019,10,HB_WEST,24.668131720430107
2019,10,LZ_AEN,29.280443548387094
2019,10,LZ_CPS,33.553602150537664
2019,10,LZ_HOUSTON,30.642379032258074
2019,10,LZ_LCRA,29.015806451612917
2019,10,LZ_NORTH,28.732943548387126
2019,10,LZ_RAYBN,28.554381720430126
2019,10,LZ_SOUTH,32.94211021505377
2019,10,LZ_WEST,49.38336021505375
2019,11,HB_BUSAVG,23.46837500000001
2019,11,HB_HOUSTON,24.0215
2019,11,HB_HUBAVG,23.2572361111111
2019,11,HB_NORTH,23.628611111111105
2019,11,HB_PAN,11.661291666666664
2019,11,HB_SOUTH,23.718555555555533
2019,11,HB_WEST,21.66026388888888
2019,11,LZ_AEN,24.408013888888913
2019,11,LZ_CPS,25.57513888888891
2019,11,LZ_HOUSTON,24.18161111111111
2019,11,LZ_LCRA,24.485222222222248
2019,11,LZ_NORTH,24.153611111111104
2019,11,LZ_RAYBN,24.517569444444426
2019,11,LZ_SOUTH,25.80370833333333
2019,11,LZ_WEST,49.34084722222219
2019,12,HB_BUSAVG,18.715080645161272
2019,12,HB_HOUSTON,18.67249999999999
2019,12,HB_HUBAVG,18.623373655914005
2019,12,HB_NORTH,18.7319892473118
2019,12,HB_PAN,8.81724462365592
2019,12,HB_SOUTH,18.95251344086021
2019,12,HB_WEST,18.136424731182792
2019,12,LZ_AEN,19.05170698924731
2019,12,LZ_CPS,19.997862903225816
2019,12,LZ_HOUSTON,18.919852150537647
2019,12,LZ_LCRA,19.456881720430097
2019,12,LZ_NORTH,19.006801075268804
2019,12,LZ_RAYBN,19.08506720430106
2019,12,LZ_SOUTH,19.786881720430113
2019,12,LZ_WEST,39.502594086021524
